10000002,(・∀・),2015-01-01 00:00:00.0,false
10000003,(・∀・),2015-01-01 00:00:00.0,false
10000004,(・∀・),2015-01-01 00:00:00.0,false
10000005,(・∀・),2015-01-01 00:00:00.0,false
10000006,(・∀・),2015-01-01 00:00:00.0,false
10000007,(・∀・),2015-01-01 00:00:00.0,false
10000008,(・∀・),2015-01-01 00:00:00.0,false
10000009,(・∀・),2015-01-01 00:00:00.0,false
10000010,(・∀・),2015-01-01 00:00:00.0,false
10000011,(・∀・),2015-01-01 00:00:00.0,false
10000012,(・∀・),2015-01-01 00:00:00.0,false
10000013,(・∀・),2015-01-01 00:00:00.0,false
10000014,(・∀・),2015-01-01 00:00:00.0,false
10000015,(・∀・),2015-01-01 00:00:00.0,false
10000016,(・∀・),2015-01-01 00:00:00.0,false
10000017,(・∀・),2015-01-01 00:00:00.0,false
10000018,(・∀・),2015-01-01 00:00:00.0,false
10000019,(・∀・),2015-01-01 00:00:00.0,false
10000021,(・∀・),2015-01-01 00:00:00.0,false
10000022,(・∀・),2015-01-01 00:00:00.0,false
