DELETE FROM ADDRESS;

DELETE FROM CREDENTIAL;
DELETE FROM PHONE;
DELETE FROM EMAIL;
DELETE FROM USR;
DELETE FROM COMPANY;

INSERT INTO COMPANY VALUES('0000000000', 'NTT DATA');
INSERT INTO COMPANY VALUES('0000000001', 'NTT DATA.Inc');

INSERT INTO USR VALUES('0000000000', '00000000', 'Kohei Kawabata', 'kohei.kawabata', '20141104 ', '9', false);
INSERT INTO USR VALUES('0000000000', '00000001', '(・∀・)', 'kohei.kawabata2', '20141104 ', '0', false);
INSERT INTO USR VALUES('0000000001', '00000000', '川畑 光平', 'kohei.kawabata3', '20141104 ', '1', false);
INSERT INTO USR VALUES('0000000001', '00000001', '川畑 光平', 'kohei.kawabata4', '20141104 ', '2', false);

INSERT INTO EMAIL VALUES('0000000000', '00000000', 1, 'test@test.co.jp');
INSERT INTO EMAIL VALUES('0000000000', '00000000', 2, 'test@test.com');
INSERT INTO EMAIL VALUES('0000000000', '00000001', 1, 'test@test.co.jp');
INSERT INTO EMAIL VALUES('0000000001', '00000000', 1, 'test@test.com');
INSERT INTO EMAIL VALUES('0000000001', '00000001', 1, 'test@test.org');

INSERT INTO PHONE VALUES('0000000000', '00000000', 1, '09012345678', 1);
INSERT INTO PHONE VALUES('0000000000', '00000000', 2, '09087654321', 2);
INSERT INTO PHONE VALUES('0000000000', '00000001', 1, '09023456789', 1);
INSERT INTO PHONE VALUES('0000000001', '00000000', 1, '09098765432', 1);
INSERT INTO PHONE VALUES('0000000001', '00000001', 1, '09034567890', 1);

INSERT INTO CREDENTIAL VALUES('0000000000', '00000000', 1, '0000', '1234567890qwertyuioasdfghjklzxcvbnm',  '2015-01-01 00:00:00.0',  '1234567890qwertyuioasdfghjklzxcvbnm',   '2015-01-01 00:00:00.0');
INSERT INTO CREDENTIAL VALUES('0000000000', '00000000', 2, '0000', '1234567890qwertyuioasdfghjklzxcvbnm',  '2015-01-01 00:00:00.0',  '1234567890qwertyuioasdfghjklzxcvbnm',   '2015-01-01 00:00:00.0');
INSERT INTO CREDENTIAL VALUES('0000000000', '00000001', 1, '0000', '1234567890qwertyuioasdfghjklzxcvbnm',  '2015-01-01 00:00:00.0',  '1234567890qwertyuioasdfghjklzxcvbnm',   '2015-01-01 00:00:00.0');
INSERT INTO CREDENTIAL VALUES('0000000001', '00000000', 1, '0000', '1234567890qwertyuioasdfghjklzxcvbnm',  '2015-01-01 00:00:00.0',  '1234567890qwertyuioasdfghjklzxcvbnm',   '2015-01-01 00:00:00.0');
INSERT INTO CREDENTIAL VALUES('0000000001', '00000001', 1, '0000', '1234567890qwertyuioasdfghjklzxcvbnm',  '2015-01-01 00:00:00.0',  '1234567890qwertyuioasdfghjklzxcvbnm',   '2015-01-01 00:00:00.0');

INSERT INTO ADDRESS VALUES('0000000000', '00000000', 1, '1358671', '東京都江東区豊洲３－３－９', '豊洲センタービルアネックス12F北側');
INSERT INTO ADDRESS VALUES('0000000000', '00000000', 2, '1358671', '東京都江東区豊洲３－３－９', '豊洲センタービルアネックス12F南側');
INSERT INTO ADDRESS VALUES('0000000000', '00000001', 1, '1358671', '東京都江東区豊洲３－３－９', '豊洲センタービルアネックス12F東側');
INSERT INTO ADDRESS VALUES('0000000001', '00000000', 1, '1358671', '東京都江東区豊洲３－３－９', '豊洲センタービルアネックス12F西側');
INSERT INTO ADDRESS VALUES('0000000001', '00000001', 1, '1358671', '東京都江東区豊洲３－３－９', '豊洲センタービルアネックス12F中央');